Handle,Title,Body (HTML),Vendor,Product Type,Tags,Published,Variant Price,Cost per item,Variant Inventory Tracker,Variant Inventory Qty,Variant Inventory Policy,Image Src
422-dove-beauty-cream-bar-pink-135g-x-4pcs,Dove Beauty Cream Bar Pink 135g X 4pcs,Brand : Dove,Fakhr Al Shaeb,Grocery,"Bath & Wash Care,Personal Care",TRUE,17.50,,shopify,50,deny,https://www.fakheralshaab.ae/wp-content/uploads/2020/03/dove-pink-4pcs.jpg
423-always-clean--dry-thick-large-sanitary-30-pads,Always Clean & Dry Thick Large Sanitary 30 Pads,,Fakhr Al Shaeb,Grocery,"Feminine Hygiene,Personal Care",TRUE,12.00,,shopify,50,deny,https://www.fakheralshaab.ae/wp-content/uploads/2020/02/always-violet-1.jpg
423-always-clean--dry-thick-large-sanitary-30-pads,,,Fakhr Al Shaeb,Grocery,,TRUE,,,shopify,50,deny,https://www.fakheralshaab.ae/wp-content/uploads/2020/02/always-violet-2.jpg
421-lux-soap-soft-rose-170g,Lux Soap Soft Rose 170g,,Fakhr Al Shaeb,Grocery,"Bath & Wash Care,Personal Care",TRUE,3.50,,shopify,50,deny,https://www.fakheralshaab.ae/wp-content/uploads/2020/03/lux-soap-pink-170g-1.jpg
421-lux-soap-soft-rose-170g,,,Fakhr Al Shaeb,Grocery,,TRUE,,,shopify,50,deny,https://www.fakheralshaab.ae/wp-content/uploads/2020/03/LUX-SOAP-PINK-INDIA-75G_grande.jpg
421-lux-soap-soft-rose-170g,,,Fakhr Al Shaeb,Grocery,,TRUE,,,shopify,50,deny,https://www.fakheralshaab.ae/wp-content/uploads/2020/03/lux-soap-pink-170g.jpg
426-pantene-shampo-2x180-ml,PANTENE SHAMPO 2X180 ML,,Fakhr Al Shaeb,Grocery,,TRUE,12.95,,shopify,50,deny,https://www.fakheralshaab.ae/wp-content/uploads/2022/07/PANTENE-2X200-ML.jpg
424-closeup-toothpaste-menthol-fresh-120ml-x-4pcs--pack-of-4,"Closeup Toothpaste Menthol Fresh, 120ml X 4pcs —– (Pack of 4)",,Fakhr Al Shaeb,Grocery,"Dental,Personal Care",TRUE,19.95,,shopify,50,deny,https://www.fakheralshaab.ae/wp-content/uploads/2021/03/closeup-menthol-120ml-4pcs.jpg
424-closeup-toothpaste-menthol-fresh-120ml-x-4pcs--pack-of-4,,,Fakhr Al Shaeb,Grocery,,TRUE,,,shopify,50,deny,https://www.fakheralshaab.ae/wp-content/uploads/2021/03/ca92d155-5441-441d-8deb-77b93a27e28f.jpg
425-closeup-ever-fresh-gel-toothpaste-red-hot-120ml-x-4pcs,Closeup Ever Fresh Gel Toothpaste Red Hot 120ml X 4pcs,,Fakhr Al Shaeb,Grocery,"Dental,Personal Care",TRUE,19.95,,shopify,50,deny,https://www.fakheralshaab.ae/wp-content/uploads/2021/03/closeup-.jpg
425-closeup-ever-fresh-gel-toothpaste-red-hot-120ml-x-4pcs,,,Fakhr Al Shaeb,Grocery,,TRUE,,,shopify,50,deny,https://www.fakheralshaab.ae/wp-content/uploads/2021/03/close-up-28ever-fresh-29-500x500-2.jpg
429-kraft-processed-cheddar-cheese-190g,Kraft Processed Cheddar Cheese 190g,,Fakhr Al Shaeb,Grocery,Cheese,TRUE,6.75,,shopify,50,deny,https://www.fakheralshaab.ae/wp-content/uploads/2020/02/Kraft-Processed-Cheddar-Cheese-190g-1416462-01.jpg
427-signal-toothpaste-120g-x-4pcs,Signal Toothpaste 120g X 4pcs,,Fakhr Al Shaeb,Grocery,"Dental,Personal Care",TRUE,15.75,,shopify,50,deny,https://www.fakheralshaab.ae/wp-content/uploads/2021/03/signal.jpg
427-signal-toothpaste-120g-x-4pcs,,,Fakhr Al Shaeb,Grocery,,TRUE,,,shopify,50,deny,https://www.fakheralshaab.ae/wp-content/uploads/2021/03/signal-2.jpg
428-mastic-chewing-gum-10gm,Mastic Chewing Gum 10gm,,Fakhr Al Shaeb,Grocery,Kids,TRUE,9.50,,shopify,50,deny,https://www.fakheralshaab.ae/wp-content/uploads/2020/03/IMG_20200307_090020-1.jpg
428-mastic-chewing-gum-10gm,,,Fakhr Al Shaeb,Grocery,,TRUE,,,shopify,50,deny,https://www.fakheralshaab.ae/wp-content/uploads/2020/03/IMG_20200307_090043.jpg
428-mastic-chewing-gum-10gm,,,Fakhr Al Shaeb,Grocery,,TRUE,,,shopify,50,deny,https://www.fakheralshaab.ae/wp-content/uploads/2020/03/IMG_20200307_090117.jpg
432-puck-halloumi-cheese-200g,Puck Halloumi Cheese 200g,,Fakhr Al Shaeb,Grocery,Cheese,TRUE,10.30,,shopify,50,deny,https://www.fakheralshaab.ae/wp-content/uploads/2020/02/puck-hallomi.jpg
432-puck-halloumi-cheese-200g,,,Fakhr Al Shaeb,Grocery,,TRUE,,,shopify,50,deny,https://www.fakheralshaab.ae/wp-content/uploads/2020/02/puck-haloomi-chese-2.jpg
432-puck-halloumi-cheese-200g,,,Fakhr Al Shaeb,Grocery,,TRUE,,,shopify,50,deny,https://www.fakheralshaab.ae/wp-content/uploads/2020/02/puck-haloomi-chese-3.jpg
431-almarai-cream-cheese-full-fat-108g-x-4pcs,Almarai Cream Cheese Full Fat 108g x 4pcs,Brand : Almarai,Fakhr Al Shaeb,Grocery,Cheese,TRUE,19.95,,shopify,50,deny,https://www.fakheralshaab.ae/wp-content/uploads/2020/03/almari-cream-cheese-108.jpg
430-salem-cream-170g-tin,Salem Cream 170g Tin,product Of Oman,Fakhr Al Shaeb,Grocery,"Jams,Canned Food,General Item",TRUE,2.10,,shopify,50,deny,https://www.fakheralshaab.ae/wp-content/uploads/2020/03/salem-cream-.jpg
430-salem-cream-170g-tin,,,Fakhr Al Shaeb,Grocery,,TRUE,,,shopify,50,deny,https://www.fakheralshaab.ae/wp-content/uploads/2020/03/salem-cream-1-.jpg
430-salem-cream-170g-tin,,,Fakhr Al Shaeb,Grocery,,TRUE,,,shopify,50,deny,https://www.fakheralshaab.ae/wp-content/uploads/2020/03/salem-cream-3-.jpg
434-nadec-cheese-triangle-120g-41,Nadec Cheese Triangle 120g 4+1,,Fakhr Al Shaeb,Grocery,Cheese,TRUE,10.50,,shopify,50,deny,https://www.fakheralshaab.ae/wp-content/uploads/2021/03/nadec-triangle-2.jpg
434-nadec-cheese-triangle-120g-41,,,Fakhr Al Shaeb,Grocery,,TRUE,,,shopify,50,deny,https://www.fakheralshaab.ae/wp-content/uploads/2021/03/nadec-triangle.jpg
433-almarai-cheese-slice-burger-200-g-x-3--1-free,Almarai Cheese Slice Burger 200 g x 3 + 1 free,Origin: Saudi Arabia,Fakhr Al Shaeb,Grocery,Cheese,TRUE,24.00,,shopify,50,deny,https://www.fakheralshaab.ae/wp-content/uploads/2020/03/almarai-burger-slice-cheese-otr-2.jpg
433-almarai-cheese-slice-burger-200-g-x-3--1-free,,,Fakhr Al Shaeb,Grocery,,TRUE,,,shopify,50,deny,https://www.fakheralshaab.ae/wp-content/uploads/2020/03/almarai-burger-slice-cheese-otr-1.jpg
435-almarai-spreadable-cheddar-cheese-500g-x-2pcs,Almarai Spreadable Cheddar Cheese 500g X 2pcs,Origin: Kingdom of Saudi Arabia,Fakhr Al Shaeb,Grocery,Cheese,TRUE,22.00,,shopify,50,deny,https://www.fakheralshaab.ae/wp-content/uploads/2020/03/almarai-cheese-500x2-1.jpg
436-almarai-slice-cheese-low-fat-200g-x-4pcs,Almarai Slice Cheese Low Fat 200g x 4pcs,"Buy 3 and get 1 Free , Available in best price",Fakhr Al Shaeb,Grocery,Cheese,TRUE,29.00,,shopify,50,deny,https://www.fakheralshaab.ae/wp-content/uploads/2020/03/Almarai-Cheese-Slices-Low-Fat-200g-otr-1.jpg
437-almarai-cheese-slices-low-fat-200g,Almarai Cheese Slices Low Fat 200g,Brand – Almarai,Fakhr Al Shaeb,Grocery,Cheese,TRUE,8.00,,shopify,50,deny,https://www.fakheralshaab.ae/wp-content/uploads/2020/03/Almarai-Cheese-Slices-Low-Fat-200g-1.jpg
437-almarai-cheese-slices-low-fat-200g,,,Fakhr Al Shaeb,Grocery,,TRUE,,,shopify,50,deny,https://www.fakheralshaab.ae/wp-content/uploads/2020/03/Almarai-Cheese-Slices-Low-Fat-200g-201391-02.jpg
439-almarai-spreadable-cream-cheese-full-fat-200g,AlMarai Spreadable Cream Cheese Full Fat 200g,,Fakhr Al Shaeb,Grocery,Cheese,TRUE,7.00,,shopify,50,deny,https://www.fakheralshaab.ae/wp-content/uploads/2020/02/Al-Marai-Spreadable-Cream-Cheese-Full-Fat-200g-1103233-01.jpg
440-kraft-cheddar-cheese-spread-original-870g,Kraft Cheddar Cheese Spread Original 870g,Brand : Kraft,Fakhr Al Shaeb,Grocery,Cheese,TRUE,22.50,,shopify,50,deny,https://www.fakheralshaab.ae/wp-content/uploads/2020/04/kraft-cheddar-cheese-870g.jpg-3.jpg
440-kraft-cheddar-cheese-spread-original-870g,,,Fakhr Al Shaeb,Grocery,,TRUE,,,shopify,50,deny,https://www.fakheralshaab.ae/wp-content/uploads/2020/04/kraft-cheddar-cheese-870g.jpg-2.jpg
445-kelloggs-corn-flakes-450g,Kelloggs Corn Flakes 450g,,Fakhr Al Shaeb,Grocery,"Cereals,Kids,Dariy & Breakfast",TRUE,11.50,,shopify,50,deny,https://www.fakheralshaab.ae/wp-content/uploads/2020/03/kellogs-cornflakes-450g.jpg
446-kelloggs-coco-pops-chocos-375g,Kellogg’s Coco Pops Chocos 375g,,Fakhr Al Shaeb,Grocery,"Cereals,Kids,Dariy & Breakfast",TRUE,15.00,,shopify,50,deny,https://www.fakheralshaab.ae/wp-content/uploads/2020/03/choco-pops-375g-pcs-ctn.jpg
444-kraft-cheddar-cheese-spread-original-870g-x-6pcs,Kraft Cheddar Cheese Spread Original 870g X 6pcs,Brand : Kraft,Fakhr Al Shaeb,Grocery,Cheese,TRUE,135.00,,shopify,50,deny,https://www.fakheralshaab.ae/wp-content/uploads/2020/04/kraft-cheddar-cheese-870g.jpg
447-kelloggs-variety-pack-8-pcs-205gm,Kellogg’s Variety Pack (8 pcs) 205gm,,Fakhr Al Shaeb,Grocery,"Cereals,Kids,Dariy & Breakfast",TRUE,19.95,,shopify,50,deny,https://www.fakheralshaab.ae/wp-content/uploads/2020/03/kelloggs.jpg
449-capilano-natural-honey-400g-x-2pcs,Capilano Natural Honey 400g X 2pcs,Product Of Australia,Fakhr Al Shaeb,Grocery,"Jams,Canned Food,General Item",TRUE,26.00,,shopify,50,deny,https://www.fakheralshaab.ae/wp-content/uploads/2020/03/Capilano-Honey-2-X-400g-85476-01.jpg
448-virginia-green-garden-peanut-butter-510g,Virginia Green Garden Peanut Butter 510g,,Fakhr Al Shaeb,Grocery,"Jams,Canned Food,General Item",TRUE,5.75,,shopify,50,deny,https://www.fakheralshaab.ae/wp-content/uploads/2020/03/vg-peanut-butter-4.jpg
448-virginia-green-garden-peanut-butter-510g,,,Fakhr Al Shaeb,Grocery,,TRUE,,,shopify,50,deny,https://www.fakheralshaab.ae/wp-content/uploads/2020/03/vg-peanut-butter-1.jpg
448-virginia-green-garden-peanut-butter-510g,,,Fakhr Al Shaeb,Grocery,,TRUE,,,shopify,50,deny,https://www.fakheralshaab.ae/wp-content/uploads/2020/03/vg-peanut-butter-2.jpg
450-capilano-natural-honey-400g,Capilano Natural Honey 400g,Product Of Australia,Fakhr Al Shaeb,Grocery,"Jams,Canned Food,General Item",TRUE,13.00,,shopify,50,deny,https://www.fakheralshaab.ae/wp-content/uploads/2020/03/capilano-honey-2.jpg
450-capilano-natural-honey-400g,,,Fakhr Al Shaeb,Grocery,,TRUE,,,shopify,50,deny,https://www.fakheralshaab.ae/wp-content/uploads/2020/03/capilano-honey-1.jpg
455-captain-oats-500gm-x-2-pcs,Captain Oats 500gm X 2 Pcs,,Fakhr Al Shaeb,Grocery,"Oats,Dariy & Breakfast",TRUE,11.00,,shopify,50,deny,https://www.fakheralshaab.ae/wp-content/uploads/2020/02/captain-oats-golden-grain-oats-2-500-g_front.jpg
456-reihan-white-oats-400g-x-3pcs-outerpack,Reihan White Oats 400g X 3pcs (Outerpack),,Fakhr Al Shaeb,Grocery,"Oats,Dariy & Breakfast",TRUE,12.50,,shopify,50,deny,https://www.fakheralshaab.ae/wp-content/uploads/2020/04/hilwa-oats-1.jpg
454-rooh-al-ameera-halawa-400g-x-12pcs,Rooh Al Ameera Halawa 400g X 12pcs,Available In Cartoons,Fakhr Al Shaeb,Grocery,"Jams,Canned Food,General Item",TRUE,88.00,,shopify,50,deny,https://www.fakheralshaab.ae/wp-content/uploads/2020/03/RA-TAHINA-400.jpg
454-rooh-al-ameera-halawa-400g-x-12pcs,,,Fakhr Al Shaeb,Grocery,,TRUE,,,shopify,50,deny,https://www.fakheralshaab.ae/wp-content/uploads/2020/03/IMG_20200314_162514.jpg
462-loacker-minis-vanilla-15x10g-035-oz,Loacker Minis Vanilla 15x10g (0.35 OZ),,Fakhr Al Shaeb,Grocery,"Biscuits,Kids",TRUE,11.00,,shopify,50,deny,https://www.fakheralshaab.ae/wp-content/uploads/2022/01/Loacker-Minis-Vanilla.png
461-loacker-quadratini-napolitaner-125g-441-oz,Loacker Quadratini Napolitaner 125g (4..41 OZ),,Fakhr Al Shaeb,Grocery,"Biscuits,Kids",TRUE,10.50,,shopify,50,deny,https://www.fakheralshaab.ae/wp-content/uploads/2022/01/Loacker-Quadratini-Red.png
460-mcvities-digestive-biscuits-500-gm,McVities Digestive Biscuits 500 gm,,Fakhr Al Shaeb,Grocery,"Biscuits,Kids",TRUE,7.50,,shopify,50,deny,https://www.fakheralshaab.ae/wp-content/uploads/2021/04/41SgO517VJL._AC_SY580_.jpg
460-mcvities-digestive-biscuits-500-gm,,,Fakhr Al Shaeb,Grocery,,TRUE,,,shopify,50,deny,https://www.fakheralshaab.ae/wp-content/uploads/2021/04/digestive.jpg
469-ulker-rulokat-x24-pack,ULKER RULOKAT X24 PACK,,Fakhr Al Shaeb,Grocery,"Biscuits,Kids",TRUE,22.00,,shopify,50,deny,https://www.fakheralshaab.ae/wp-content/uploads/2025/02/ulker_rulokat_wafers_24gm.jpg
470-loacker-quadratini-dark-chocolate-125-g-441-oz,Loacker Quadratini Dark Chocolate 125 g (4.41 OZ),,Fakhr Al Shaeb,Grocery,"Biscuits,Kids",TRUE,10.50,,shopify,50,deny,https://www.fakheralshaab.ae/wp-content/uploads/2022/01/Quadratini-Dark-Chocolate.png
471-faro-crispy-wafers-with-hazelnut-12x40-gram,FARO CRISPY WAFERS WITH HAZELNUT 12X40 GRAM,,Fakhr Al Shaeb,Grocery,"Biscuits,Kids",TRUE,10.50,,shopify,50,deny,https://www.fakheralshaab.ae/wp-content/uploads/2025/02/6291003085918.jpg
474-ritz-crackers-original-salty-crackers,RITZ CRACKERS ORIGINAL SALTY CRACKERS,,Fakhr Al Shaeb,Grocery,"Biscuits,Kids",TRUE,5.95,,shopify,50,deny,https://www.fakheralshaab.ae/wp-content/uploads/2025/02/Ritzoriginalcracker300SMGT2081220230927132600.jpg
472-deemah-biscuit-filled-with-date-fruit-3-packets,DEEMAH BISCUIT FILLED WITH DATE FRUIT 3 PACKETS,,Fakhr Al Shaeb,Grocery,"Biscuits,Kids",TRUE,11.95,,shopify,50,deny,https://www.fakheralshaab.ae/wp-content/uploads/2025/02/5884.png
473-nabil-glucose-the-energy-bite,NABIL GLUCOSE THE ENERGY BITE,,Fakhr Al Shaeb,Grocery,"Biscuits,Kids",TRUE,10.50,,shopify,50,deny,https://www.fakheralshaab.ae/wp-content/uploads/2025/02/510nQx96pjL._AC_UF10001000_QL80_.jpg
475-tiffany-nutty-bites-cashew,TIFFANY NUTTY BITES CASHEW,,Fakhr Al Shaeb,Grocery,"Biscuits,Kids",TRUE,10.00,,shopify,50,deny,https://www.fakheralshaab.ae/wp-content/uploads/2025/02/71v19daVjpL.__AC_SX300_SY300_QL70_ML2_.jpg
476-tiffany-nutty-bites-chocolate-and-hazelnut,TIFFANY NUTTY BITES CHOCOLATE AND HAZELNUT,,Fakhr Al Shaeb,Grocery,"Biscuits,Kids",TRUE,10.00,,shopify,50,deny,https://www.fakheralshaab.ae/wp-content/uploads/2025/02/81BB18ovFoL.__AC_SX300_SY300_QL70_ML2_.jpg
485-matilde-vicenzovo-biscuit-2-packets,MATILDE VICENZOVO BISCUIT 2 PACKETS,,Fakhr Al Shaeb,Grocery,"Biscuits,Kids",TRUE,14.00,,shopify,50,deny,https://www.fakheralshaab.ae/wp-content/uploads/2025/02/DD45.png
488-oryx-sweet-and-salt-cracker-20-packets,ORYX SWEET AND SALT CRACKER 20 PACKETS,,Fakhr Al Shaeb,Grocery,"Biscuits,Kids",TRUE,10.95,,shopify,50,deny,https://www.fakheralshaab.ae/wp-content/uploads/2025/02/images.jpg
487-barni-cake-with-milk-12-pack,BARNI CAKE WITH MILK 12 PACK,,Fakhr Al Shaeb,Grocery,"Biscuits,Kids",TRUE,19.00,,shopify,50,deny,https://www.fakheralshaab.ae/wp-content/uploads/2025/02/8146trU7JQL._AC_UF8941000_QL80_.jpg
486-tiffany-glucose-milk-and-honey-biscuit,TIFFANY GLUCOSE MILK AND HONEY BISCUIT,,Fakhr Al Shaeb,Grocery,"Biscuits,Kids",TRUE,4.50,,shopify,50,deny,https://www.fakheralshaab.ae/wp-content/uploads/2025/02/6291003000768-1200Wx1200H-001.jpg
490-lotte-choco-pie-with-rich-marshmallow-12-packets,LOTTE CHOCO PIE WITH RICH MARSHMALLOW 12 PACKETS,,Fakhr Al Shaeb,Grocery,"Biscuits,Kids",TRUE,10.95,,shopify,50,deny,https://www.fakheralshaab.ae/wp-content/uploads/2025/02/81v5qMhZbsL._AC_UF8941000_QL80_.jpg
491-orion-choco-pie-12-pack,ORION CHOCO-PIE 12 PACK,,Fakhr Al Shaeb,Grocery,"Biscuits,Kids",TRUE,10.95,,shopify,50,deny,https://www.fakheralshaab.ae/wp-content/uploads/2025/02/71XUDtbVaHS.jpg
489-ulker-chocosandwich-24-packets,ULKER CHOCOSANDWICH 24 PACKETS,,Fakhr Al Shaeb,Grocery,"Biscuits,Kids",TRUE,10.95,,shopify,50,deny,https://www.fakheralshaab.ae/wp-content/uploads/2025/02/61SnsQRqaBL.jpg
492-coffee-joy-18-packet,COFFEE JOY 18 PACKET,,Fakhr Al Shaeb,Grocery,"Biscuits,Kids",TRUE,22.95,,shopify,50,deny,https://www.fakheralshaab.ae/wp-content/uploads/2025/02/77878.png
493-tiffany-everyday-nice-coconut-biscuits-10-packets,TIFFANY EVERYDAY NICE COCONUT BISCUITS 10 PACKETS,,Fakhr Al Shaeb,Grocery,"Biscuits,Kids",TRUE,4.50,,shopify,50,deny,https://www.fakheralshaab.ae/wp-content/uploads/2025/02/6291003021077.jpg
494-ulker-cubuk-kraker,ULKER CUBUK KRAKER,,Fakhr Al Shaeb,Grocery,"Biscuits,Kids",TRUE,24.00,,shopify,50,deny,https://www.fakheralshaab.ae/wp-content/uploads/2025/02/71ozQU6XnQL._AC_UF8941000_QL80_.jpg
495-ulker-coffee-biscuit-x-12-pcs,ULKER COFFEE BISCUIT X 12 PCS,,Fakhr Al Shaeb,Grocery,"Biscuits,Kids",TRUE,18.00,,shopify,50,deny,https://www.fakheralshaab.ae/wp-content/uploads/2025/02/12548.png
496-loacker-classic-napolitaner-450-g,Loacker Classic Napolitaner 450 g,,Fakhr Al Shaeb,Grocery,"Chocolates,Biscuits,Kids",TRUE,24.95,,shopify,50,deny,https://www.fakheralshaab.ae/wp-content/uploads/2022/02/281357-01-removebg-preview.png
497-loacker-gardena-190-g,Loacker Gardena 190 g,,Fakhr Al Shaeb,Grocery,"Chocolates,Biscuits,Kids",TRUE,15.00,,shopify,50,deny,https://www.fakheralshaab.ae/wp-content/uploads/2022/02/Gardena_Hazelnut_190g_RM-01-removebg-preview.png
499-sando-chocolate-wafer-32g-x-pack-of-24,Sando Chocolate Wafer 32g x Pack of 24,,Fakhr Al Shaeb,Grocery,"Chocolates,Biscuits,Kids",TRUE,22.00,,shopify,50,deny,https://www.fakheralshaab.ae/wp-content/uploads/2022/01/Sando-chocolate.png
500-bounty-chocolate-box-24-x-57-grams,Bounty chocolate box 24 x 57 grams,,Fakhr Al Shaeb,Grocery,"Chocolates,Biscuits,Kids",TRUE,45.00,,shopify,50,deny,https://www.fakheralshaab.ae/wp-content/uploads/2020/10/bounti-new.jpg
498-loacker-vanilla-175-g-x-18-pcs--cartoon-,Loacker Vanilla 175 g X 18 pcs   { CARTOON },Cartoon With Wholesale Price…,Fakhr Al Shaeb,Grocery,"Chocolates,Biscuits,Kids",TRUE,205.00,,shopify,50,deny,https://www.fakheralshaab.ae/wp-content/uploads/2021/01/loacker-vanila-ctn.jpg
501-snicker-chocolate-50g-x-24-pack,SNICKER CHOCOLATE 50G x 24 PACK,,Fakhr Al Shaeb,Grocery,"Chocolates,Biscuits,Kids",TRUE,45.00,,shopify,50,deny,https://www.fakheralshaab.ae/wp-content/uploads/2022/01/Snicker-Chocolate.png
503-galaxy-smooth-milk-chocolate-bar-36gm-x-24-bars,Galaxy Smooth Milk Chocolate Bar 36gm x 24 bars,,Fakhr Al Shaeb,Grocery,"Chocolates,Biscuits,Kids",TRUE,65.00,,shopify,50,deny,https://www.fakheralshaab.ae/wp-content/uploads/2022/01/Galaxy-chocolate.png
504-ulker-cokokrem-cocoa-spread-with-hazelnuts-40-gram,ULKER COKOKREM COCOA SPREAD WITH HAZELNUTS 40 GRAM,,Fakhr Al Shaeb,Grocery,"Chocolates,Biscuits,Kids",TRUE,2.75,,shopify,50,deny,https://www.fakheralshaab.ae/wp-content/uploads/2025/02/8690504005155.jpg
502-apollo-chocolate-peanut,APOLLO CHOCOLATE PEANUT,,Fakhr Al Shaeb,Grocery,"Chocolates,Biscuits,Kids",TRUE,21.00,,shopify,50,deny,https://www.fakheralshaab.ae/wp-content/uploads/2025/02/1329481463317029561_528306668935121_4136689340304169207_n.jpg
505-loacker-napolitaner-175g,Loacker Napolitaner 175g,,Fakhr Al Shaeb,Grocery,"Chocolates,Biscuits,Kids",TRUE,11.50,,shopify,50,deny,https://www.fakheralshaab.ae/wp-content/uploads/2021/01/loacker-napolitaner-1.jpg
506-loacker-vanilla-175g,Loacker Vanilla 175g,,Fakhr Al Shaeb,Grocery,"Chocolates,Biscuits,Kids",TRUE,11.50,,shopify,50,deny,https://www.fakheralshaab.ae/wp-content/uploads/2021/01/loacker-vanila-pcs.jpg
508-twix-chocolate-25-x-50-gram,TWIX CHOCOLATE 25 X 50 GRAM,,Fakhr Al Shaeb,Grocery,"Chocolates,Biscuits,Kids",TRUE,45.00,,shopify,50,deny,https://www.fakheralshaab.ae/wp-content/uploads/2025/02/TWIX.png
507-oryx-maamoul-date-filled-cookies,ORYX MAAMOUL DATE FILLED COOKIES,,Fakhr Al Shaeb,Grocery,"Chocolates,Biscuits,Kids",TRUE,6.45,,shopify,50,deny,https://www.fakheralshaab.ae/wp-content/uploads/2025/02/611-RV8fuTL._AC_SL1200_.jpg
509-choki-choki-12-packets,CHOKI CHOKI 12 PACKETS,,Fakhr Al Shaeb,Grocery,"Chocolates,Biscuits,Kids",TRUE,27.00,,shopify,50,deny,https://www.fakheralshaab.ae/wp-content/uploads/2025/02/61pxfCJ8wLL.jpg
511-kit-kat-chocalate-24x415-gm,KIT KAT CHOCALATE 24X41.5 GM,,Fakhr Al Shaeb,Grocery,"Chocolates,Biscuits,Kids",TRUE,40.00,,shopify,50,deny,https://www.fakheralshaab.ae/wp-content/uploads/2022/12/KIT-KAT-CHOCALATE.jpg
512-loacker-minis-cremkakao-15-pack,LOACKER MINIS CREMKAKAO 15 PACK,,Fakhr Al Shaeb,Grocery,"Chocolates,Biscuits,Kids",TRUE,17.00,,shopify,50,deny,https://www.fakheralshaab.ae/wp-content/uploads/2025/02/FF454.png
510-coco-layn-coconut-bar,COCO LAYN COCONUT BAR,,Fakhr Al Shaeb,Grocery,"Chocolates,Biscuits,Kids",TRUE,3.95,,shopify,50,deny,https://www.fakheralshaab.ae/wp-content/uploads/2025/02/145.jpg
513-kinder-maxi-chocolate,KINDER MAXI CHOCOLATE,,Fakhr Al Shaeb,Grocery,"Chocolates,Biscuits,Kids",TRUE,39.95,,shopify,50,deny,https://www.fakheralshaab.ae/wp-content/uploads/2025/02/5DS.png
516-koukou-roukou-wafer-with-cocoa-cream-filling-and-coating,KOUKOU ROUKOU WAFER WITH COCOA CREAM FILLING AND COATING,,Fakhr Al Shaeb,Grocery,"Chocolates,Biscuits,Kids",TRUE,22.00,,shopify,50,deny,https://www.fakheralshaab.ae/wp-content/uploads/2025/02/15.png
517-astor-wafer-stick-cokelat-12-packets,ASTOR WAFER STICK COKELAT 12 PACKETS,,Fakhr Al Shaeb,Grocery,"Chocolates,Biscuits,Kids",TRUE,18.00,,shopify,50,deny,https://www.fakheralshaab.ae/wp-content/uploads/2025/02/img_2935224762124725750_8886001026056_1_L.jpg
518-astor-mini-stick-24-packets,ASTOR MINI STICK 24 PACKETS,,Fakhr Al Shaeb,Grocery,"Chocolates,Biscuits,Kids",TRUE,20.00,,shopify,50,deny,https://www.fakheralshaab.ae/wp-content/uploads/2025/02/516nDI6SreL._AC_.jpg
519-astor-wafer-stick-cokelat-330-gram,ASTOR WAFER STICK COKELAT 330 GRAM,,Fakhr Al Shaeb,Grocery,"Chocolates,Biscuits,Kids",TRUE,24.95,,shopify,50,deny,https://www.fakheralshaab.ae/wp-content/uploads/2025/02/6.png
520-ulker-cokokrem-cocoa-spread-with-hazelnuts-24-tubes,ULKER COKOKREM COCOA SPREAD WITH HAZELNUTS 24 TUBES,,Fakhr Al Shaeb,Grocery,"Chocolates,Biscuits,Kids",TRUE,60.00,,shopify,50,deny,https://www.fakheralshaab.ae/wp-content/uploads/2025/02/ulker-cokokrem-cocoa-spread-with-hazel-8-bb93.png
521-maltesers-chocolate-chips-25-packet,MALTESERS CHOCOLATE CHIPS 25 PACKET,,Fakhr Al Shaeb,Grocery,"Chocolates,Biscuits,Kids",TRUE,0.00,,shopify,50,deny,https://www.fakheralshaab.ae/wp-content/uploads/2025/02/711XmSSMoL._AC_SL1500_.jpg
522-kinder-creamy-19-gram-x-24-pack,KINDER CREAMY 19 GRAM X 24 PACK,,Fakhr Al Shaeb,Grocery,"Chocolates,Biscuits,Kids",TRUE,47.00,,shopify,50,deny,https://www.fakheralshaab.ae/wp-content/uploads/2025/02/71-uh7nCCAL.jpg
526-california-garden-fava-beans-saudi-koshna-recipe-450g,California Garden Fava Beans Saudi Koshna Recipe 450g,Brand : California Garden,Fakhr Al Shaeb,Grocery,"Canned Food,General Item",TRUE,4.75,,shopify,50,deny,https://www.fakheralshaab.ae/wp-content/uploads/2020/03/koshna-recipe-california.jpg
526-california-garden-fava-beans-saudi-koshna-recipe-450g,,,Fakhr Al Shaeb,Grocery,,TRUE,,,shopify,50,deny,https://www.fakheralshaab.ae/wp-content/uploads/2020/03/koshna-recipe-california-2.jpg
524-orion-choco-pie-12-pack,ORION CHOCO-PIE 12 PACK,,Fakhr Al Shaeb,Grocery,"Biscuits,Kids",TRUE,10.95,,shopify,50,deny,https://www.fakheralshaab.ae/wp-content/uploads/2025/02/71XUDtbVaHS.jpg
525-mara-chick-peas-400g,Mara Chick Peas 400g,,Fakhr Al Shaeb,Grocery,"Canned Food,General Item",TRUE,2.00,,shopify,50,deny,https://www.fakheralshaab.ae/wp-content/uploads/2021/03/MARA-CHICK-PEAS-2-1.jpg
525-mara-chick-peas-400g,,,Fakhr Al Shaeb,Grocery,,TRUE,,,shopify,50,deny,https://www.fakheralshaab.ae/wp-content/uploads/2021/03/MARA-CHICK-PEAS-3.jpg
529-california-garden-canned-red-kidney-beans-dark-400g--3--1-free-,California Garden Canned Red Kidney Beans Dark 400g ( 3 + 1 Free ),Brand : California Garden,Fakhr Al Shaeb,Grocery,"Canned Food,General Item",TRUE,12.60,,shopify,50,deny,https://www.fakheralshaab.ae/wp-content/uploads/2021/01/cali-red-beans-41.jpg
529-california-garden-canned-red-kidney-beans-dark-400g--3--1-free-,,,Fakhr Al Shaeb,Grocery,,TRUE,,,shopify,50,deny,https://www.fakheralshaab.ae/wp-content/uploads/2021/01/california-red-kidney-beans-en-4pcs.jpg
527-california-garden-beans-saudi-koshna-recipe-450g,California Garden Beans Saudi Koshna Recipe 450g,,Fakhr Al Shaeb,Grocery,"Canned Food,General Item",TRUE,4.50,,shopify,50,deny,https://www.fakheralshaab.ae/wp-content/uploads/2021/03/soudi-koshma-1.jpg
528-amazon-baked-beans-in-tomato-sauce-220g-x-12pcs,Amazon Baked Beans In Tomato Sauce 220g X 12pcs,baked beans in small cans,Fakhr Al Shaeb,Grocery,"Canned Food,General Item",TRUE,18.00,,shopify,50,deny,https://www.fakheralshaab.ae/wp-content/uploads/2020/04/IMG_20200330_085856.jpg
528-amazon-baked-beans-in-tomato-sauce-220g-x-12pcs,,,Fakhr Al Shaeb,Grocery,,TRUE,,,shopify,50,deny,https://www.fakheralshaab.ae/wp-content/uploads/2020/04/amazon-baked-beans.jpg
530-al-mazra-foul-medamas-400g----can-,Al Mazra Foul Medamas 400g —- ( Can ),,Fakhr Al Shaeb,Grocery,"Canned Food,General Item",TRUE,1.95,,shopify,50,deny,https://www.fakheralshaab.ae/wp-content/uploads/2021/03/foul-mazra.jpg
536-american-light-meat-tuna-fish-185g-x-48-pcs--cartoon-,American Light Meat Tuna Fish 185g X 48 Pcs   ( CARTOON ),,Fakhr Al Shaeb,Grocery,Canned Fish,TRUE,165.00,,shopify,50,deny,https://www.fakheralshaab.ae/wp-content/uploads/2021/03/american-light-meat-tuna-185g.jpg
538-amira-dried-apricot-400g,Amira Dried Apricot 400g,Brand – Amira,Fakhr Al Shaeb,Grocery,Canned Fruits,TRUE,12.45,,shopify,50,deny,https://www.fakheralshaab.ae/wp-content/uploads/2020/03/amira-apricot-1.jpg
538-amira-dried-apricot-400g,,,Fakhr Al Shaeb,Grocery,,TRUE,,,shopify,50,deny,https://www.fakheralshaab.ae/wp-content/uploads/2020/03/amira-apricot-2.jpg
537-al-alali-yellowfin-tuna-in-water-170g,Al Alali Yellowfin Tuna in Water 170g,Brand : Al Alali,Fakhr Al Shaeb,Grocery,Canned Fish,TRUE,6.95,,shopify,50,deny,https://www.fakheralshaab.ae/wp-content/uploads/2020/03/alali-tuna-water.jpg
541-sohna-sarson-ka-saag-450g,Sohna Sarson Ka Saag 450g,,Fakhr Al Shaeb,Grocery,Canned Vegetables,TRUE,4.15,,shopify,50,deny,https://www.fakheralshaab.ae/wp-content/uploads/2020/03/sohna-saag-450-1.jpg
539-virginia-green-garden-corned-beef-340g,Virginia Green Garden Corned Beef 340g,,Fakhr Al Shaeb,Grocery,Canned Meat,TRUE,5.50,,shopify,50,deny,https://www.fakheralshaab.ae/wp-content/uploads/2020/03/vg-corned-beef-1.jpg
539-virginia-green-garden-corned-beef-340g,,,Fakhr Al Shaeb,Grocery,,TRUE,,,shopify,50,deny,https://www.fakheralshaab.ae/wp-content/uploads/2020/03/vg-corned-beef-2.jpg
539-virginia-green-garden-corned-beef-340g,,,Fakhr Al Shaeb,Grocery,,TRUE,,,shopify,50,deny,https://www.fakheralshaab.ae/wp-content/uploads/2020/03/vg-corned-beef-4.jpg
539-virginia-green-garden-corned-beef-340g,,,Fakhr Al Shaeb,Grocery,,TRUE,,,shopify,50,deny,https://www.fakheralshaab.ae/wp-content/uploads/2020/03/vg-corned-beef-5-1.jpg
540-virginia-green-garden-chicken-luncheon-meat-200g,Virginia Green Garden Chicken Luncheon Meat 200g,,Fakhr Al Shaeb,Grocery,Canned Meat,TRUE,3.25,,shopify,50,deny,https://www.fakheralshaab.ae/wp-content/uploads/2020/03/VG-LUNCH-CKN-200G-1.jpg
540-virginia-green-garden-chicken-luncheon-meat-200g,,,Fakhr Al Shaeb,Grocery,,TRUE,,,shopify,50,deny,https://www.fakheralshaab.ae/wp-content/uploads/2020/03/VG-LUNCH-CKN-200G-2.jpg
540-virginia-green-garden-chicken-luncheon-meat-200g,,,Fakhr Al Shaeb,Grocery,,TRUE,,,shopify,50,deny,https://www.fakheralshaab.ae/wp-content/uploads/2020/03/VG-LUNCH-CKN-200G-3.jpg
542-supreme-mushrooms-400g-x-24pcs,Supreme Mushrooms 400g X 24pcs,Mushrooms Pieces & Stems….,Fakhr Al Shaeb,Grocery,Canned Vegetables,TRUE,50.50,,shopify,50,deny,https://www.fakheralshaab.ae/wp-content/uploads/2020/03/supreme-mushroom.jpg
542-supreme-mushrooms-400g-x-24pcs,,,Fakhr Al Shaeb,Grocery,,TRUE,,,shopify,50,deny,https://www.fakheralshaab.ae/wp-content/uploads/2020/03/supreme-mushroom-2-.jpg
543-amazon-processed-green-peas-400g-x-24pcs,Amazon Processed Green Peas 400g X 24pcs,Brand: Amazon,Fakhr Al Shaeb,Grocery,Canned Vegetables,TRUE,42.00,,shopify,50,deny,https://www.fakheralshaab.ae/wp-content/uploads/2020/03/amazon-green-peas.jpg
544-amazon-processed-green-peas-400g,Amazon Processed Green Peas 400g,Brand: Amazon,Fakhr Al Shaeb,Grocery,Canned Vegetables,TRUE,2.00,,shopify,50,deny,https://www.fakheralshaab.ae/wp-content/uploads/2020/03/amazon-green-peas-2.jpg
545-premier-fabric-softener-25-ltr--pink-,Premier Fabric Softener 25 LTR ( PINK ),,Fakhr Al Shaeb,Grocery,"Liquid Detergents,detergents",TRUE,52.50,,shopify,50,deny,https://www.fakheralshaab.ae/wp-content/uploads/2021/01/FAB-25-PINK.jpg
547-premier-abaya-shampoo-5-ltr,Premier Abaya Shampoo 5 Ltr,,Fakhr Al Shaeb,Grocery,"Liquid Detergents,detergents",TRUE,15.75,,shopify,50,deny,https://www.fakheralshaab.ae/wp-content/uploads/2021/01/primr-abaya-5ltr.jpg
546-premier-fabric-softener-25-ltr--blue-,Premier Fabric Softener 25 LTR   ( BLUE ),,Fakhr Al Shaeb,Grocery,"Liquid Detergents,detergents",TRUE,52.50,,shopify,50,deny,https://www.fakheralshaab.ae/wp-content/uploads/2020/12/fabric-25-1.jpg
546-premier-fabric-softener-25-ltr--blue-,,,Fakhr Al Shaeb,Grocery,,TRUE,,,shopify,50,deny,https://www.fakheralshaab.ae/wp-content/uploads/2020/12/fabric-25.jpg
548-premier-fabric-softener-blue-2ltr,Premier Fabric Softener Blue 2ltr,,Fakhr Al Shaeb,Grocery,"Liquid Detergents,detergents",TRUE,7.00,,shopify,50,deny,https://www.fakheralshaab.ae/wp-content/uploads/2022/01/Premier-Fabric-Blue-2-ltr.jpg
550-premier-fabric-softener-pink-2ltr,Premier Fabric Softener Pink 2ltr,,Fakhr Al Shaeb,Grocery,"Liquid Detergents,detergents",TRUE,7.00,,shopify,50,deny,https://www.fakheralshaab.ae/wp-content/uploads/2022/01/Premier-Fabric-Pink-2-ltr.jpg
549-downy-fabric-softner-stay-fresh-3ltr,Downy Fabric Softner Stay Fresh 3ltr,,Fakhr Al Shaeb,Grocery,"Liquid Detergents,detergents",TRUE,18.50,,shopify,50,deny,https://www.fakheralshaab.ae/wp-content/uploads/2020/02/downy-softner-stay-3lt-1-1.jpg
549-downy-fabric-softner-stay-fresh-3ltr,,,Fakhr Al Shaeb,Grocery,,TRUE,,,shopify,50,deny,https://www.fakheralshaab.ae/wp-content/uploads/2020/02/downy-valley-dew-3ltr-1-1.jpg_5-1.jpg
549-downy-fabric-softner-stay-fresh-3ltr,,,Fakhr Al Shaeb,Grocery,,TRUE,,,shopify,50,deny,https://www.fakheralshaab.ae/wp-content/uploads/2020/02/downy-valley-dew-3ltr-3-1.jpg
549-downy-fabric-softner-stay-fresh-3ltr,,,Fakhr Al Shaeb,Grocery,,TRUE,,,shopify,50,deny,https://www.fakheralshaab.ae/wp-content/uploads/2020/02/downy-softner-stay-3lt-3.jpg
551-comfort-fabric-softener-flora-soft-4l-x-4pcs-cartoon,Comfort Fabric Softener Flora Soft 4L X 4pcs (Cartoon),Brand : Comfort,Fakhr Al Shaeb,Grocery,"Liquid Detergents,detergents",TRUE,88.00,,shopify,50,deny,https://www.fakheralshaab.ae/wp-content/uploads/2020/03/COMFORT-FLORA-SOFT-4-LTR-CTN.jpg
555-comfort-fabric-softener-spring-dew-4l-x-4pcs-cartoon,Comfort Fabric Softener Spring Dew 4L X 4pcs (Cartoon),Brand : Comfort,Fakhr Al Shaeb,Grocery,"Liquid Detergents,detergents",TRUE,88.00,,shopify,50,deny,https://www.fakheralshaab.ae/wp-content/uploads/2020/03/comfort-spring-dew-ctn.jpg
556-comfort-fabric-softener-flora-soft-4l,Comfort Fabric Softener Flora Soft  4L,Brand : Comfort,Fakhr Al Shaeb,Grocery,"Liquid Detergents,detergents",TRUE,21.25,,shopify,50,deny,https://www.fakheralshaab.ae/wp-content/uploads/2020/03/COMFORT-FLORA-SOFT-4-LTR.jpg
559-downy-fabric-softener-dream-garden-3ltr-x-6pcs,Downy Fabric Softener Dream Garden 3Ltr X 6pcs,6 Pieces Of Cartoon With Wholesale Price,Fakhr Al Shaeb,Grocery,"Liquid Detergents,detergents",TRUE,110.00,,shopify,50,deny,https://www.fakheralshaab.ae/wp-content/uploads/2020/03/downy-gg-3ltr-1.jpg
558-persil-power-gel-31-ltr,PERSIL POWER GEL 3+1 LTR,,Fakhr Al Shaeb,Grocery,"Liquid Detergents,detergents",TRUE,49.00,,shopify,50,deny,https://www.fakheralshaab.ae/wp-content/uploads/2023/01/persil-powedr-gel.jpg
560-downy-fabric-softener-dream-garden-3ltr,Downy Fabric Softener Dream Garden 3Ltr,,Fakhr Al Shaeb,Grocery,"Liquid Detergents,detergents",TRUE,18.50,,shopify,50,deny,https://www.fakheralshaab.ae/wp-content/uploads/2020/03/downy-gg-3ltr.jpg
561-persil-black-abaya-shampoo-3-ltr--900-ml-free,Persil Black Abaya Shampoo 3 Ltr + 900 ml free,,Fakhr Al Shaeb,Grocery,"Liquid Detergents,detergents",TRUE,43.00,,shopify,50,deny,https://www.fakheralshaab.ae/wp-content/uploads/2020/09/PERSIL-ABAYA.jpg
562-tide-washing-powder-automatic-25kg-x-4pc,Tide Washing Powder Automatic 2.5kg X 4pc,2.5kg of 4 pieces with Best Price in Holesale,Fakhr Al Shaeb,Grocery,detergents,TRUE,94.00,,shopify,50,deny,https://www.fakheralshaab.ae/wp-content/uploads/2020/03/Tide-Washing-powder-Original-2.5kg-1.jpg
565-persil-power-gel-31-ltr,PERSIL POWER GEL 3+1 LTR,,Fakhr Al Shaeb,Grocery,"Liquid Detergents,detergents",TRUE,49.00,,shopify,50,deny,https://www.fakheralshaab.ae/wp-content/uploads/2023/01/persil-powedr-gel.jpg
567-glad-aluminum-foil-30cmx61,Glad-Aluminum-Foil-30cmx61,,Fakhr Al Shaeb,Grocery,Nonfood Items,TRUE,6.50,,shopify,50,deny,https://www.fakheralshaab.ae/wp-content/uploads/2020/02/Glad-Aluminum-Foil-37.5sq.jpg
566-glad-aluminum-foil-45cm,Glad-Aluminum-Foil-45cm,,Fakhr Al Shaeb,Grocery,Nonfood Items,TRUE,31.50,,shopify,50,deny,https://www.fakheralshaab.ae/wp-content/uploads/2020/02/Glad-Aluminum-Foil-30cmx61.jpg
568-glahome-mate-aluminum-foil-45cm,GlaHome Mate Aluminum Foil 45cm,,Fakhr Al Shaeb,Grocery,Nonfood Items,TRUE,31.50,,shopify,50,deny,https://www.fakheralshaab.ae/wp-content/uploads/2020/02/Home-Mate-Aluminum-Foil-37.jpg
569-home-mate-heavy-duty-aluminum-foil-375-x-2-sq-ft,Home Mate Heavy Duty Aluminum Foil 37.5 X 2– Sq Ft,,Fakhr Al Shaeb,Grocery,Nonfood Items,TRUE,13.00,,shopify,50,deny,https://www.fakheralshaab.ae/wp-content/uploads/2020/02/Home-Mate-Aluminum-Foil-37-1.jpg
572-83185-takeaway-food-aluminium-foil-container-with-paper-lid-83185-x-10pcs,83185 Takeaway Food Aluminium Foil Container with Paper Lid (83185 X 10pcs),,Fakhr Al Shaeb,Grocery,Nonfood Items,TRUE,8.50,,shopify,50,deny,https://www.fakheralshaab.ae/wp-content/uploads/2021/03/83185-2-1.jpg
572-83185-takeaway-food-aluminium-foil-container-with-paper-lid-83185-x-10pcs,,,Fakhr Al Shaeb,Grocery,,TRUE,,,shopify,50,deny,https://www.fakheralshaab.ae/wp-content/uploads/2021/03/83185.jpg
570-falcon-wax-paper-size-25mx30cm,Falcon-Wax-Paper-Size-25mx30cm,,Fakhr Al Shaeb,Grocery,Nonfood Items,TRUE,8.00,,shopify,50,deny,https://www.fakheralshaab.ae/wp-content/uploads/2020/02/Falcon-Wax-Paper-Size-25mx30cm-76894-001.jpg
571-falcon-aluminum-foil-size-300mx45cm,Falcon Aluminum Foil Size 300mx45cm,,Fakhr Al Shaeb,Grocery,Nonfood Items,TRUE,31.00,,shopify,50,deny,https://www.fakheralshaab.ae/wp-content/uploads/2020/02/Falcon-Aluminum-Foil-Size-300mx45cm-72071-001.jpg
574-vinyl-gloves-powder-free-100-pcs--large-,Vinyl Gloves Powder Free 100 pcs  ( LARGE ),,Fakhr Al Shaeb,Grocery,Disposables,TRUE,10.00,,shopify,50,deny,https://www.fakheralshaab.ae/wp-content/uploads/2020/06/gloves.jpg
575-century-sandwich-paper-1-outer--1000-pcs,Century Sandwich Paper 1 Outer ( 1000 pcs),,Fakhr Al Shaeb,Grocery,Disposables,TRUE,7.95,,shopify,50,deny,https://www.fakheralshaab.ae/wp-content/uploads/2020/03/century-sandwich-paper-2.jpg
573-century-sandwich-paper--10-outer-cartoon,Century Sandwich Paper ( 10 outer) Cartoon,,Fakhr Al Shaeb,Grocery,Disposables,TRUE,73.00,,shopify,50,deny,https://www.fakheralshaab.ae/wp-content/uploads/2020/03/century-sandwich-paper-1.jpg
576-disposable-6oz-paper-cups--50-cups,Disposable 6oz Paper Cups – 50 Cups,,Fakhr Al Shaeb,Grocery,Disposables,TRUE,3.00,,shopify,50,deny,https://www.fakheralshaab.ae/wp-content/uploads/2021/03/6-oz.jpg
576-disposable-6oz-paper-cups--50-cups,,,Fakhr Al Shaeb,Grocery,,TRUE,,,shopify,50,deny,https://www.fakheralshaab.ae/wp-content/uploads/2021/03/6oz-2.jpg
577-barilla-lasagne-500g,Barilla Lasagne 500g,Brand : Barilla,Fakhr Al Shaeb,Grocery,"Pasta & Noodles,Cooking Item",TRUE,19.95,,shopify,50,deny,https://www.fakheralshaab.ae/wp-content/uploads/2020/04/BARILLA-LASAGNE.jpg
578-indomie-instant-noodles-special-chicken-flavour-75g-x-40pcs,Indomie Instant Noodles Special Chicken Flavour 75g X 40pcs,Brand : Indomie,Fakhr Al Shaeb,Grocery,"Pasta & Noodles,Cooking Item",TRUE,50.00,,shopify,50,deny,https://www.fakheralshaab.ae/wp-content/uploads/2020/03/indomie-spl-ckn-ctn-1.jpg
579-indomie-instant-noodles-special-chicken-flavour-75g-x-5pcs,Indomie Instant Noodles Special Chicken Flavour 75g X 5pcs,Brand : Indomie,Fakhr Al Shaeb,Grocery,"Pasta & Noodles,Cooking Item",TRUE,6.50,,shopify,50,deny,https://www.fakheralshaab.ae/wp-content/uploads/2020/03/indomie-spl-ckn-pkt-2.jpg
580-indomie-special-fried-instant-noodles-85g,Indomie Special Fried Instant Noodles 85g,,Fakhr Al Shaeb,Grocery,"Pasta & Noodles,Cooking Item",TRUE,6.50,,shopify,50,deny,https://www.fakheralshaab.ae/wp-content/uploads/2020/02/Indomie-Special-Fried-Instant-Noodles-85g-887567-01.jpg
585-al-worood-spaghetti-400g,Al Worood Spaghetti 400g,,Fakhr Al Shaeb,Grocery,"Pasta & Noodles,Cooking Item",TRUE,3.00,,shopify,50,deny,https://www.fakheralshaab.ae/wp-content/uploads/2020/04/al-worood-spaghthi-1.jpg
584-emirates-macroni-400g-x-4pcs,Emirates Macroni 400g X 4pcs,Origin: United Arab Emirates,Fakhr Al Shaeb,Grocery,"Pasta & Noodles,Cooking Item",TRUE,13.25,,shopify,50,deny,https://www.fakheralshaab.ae/wp-content/uploads/2020/03/emirates-macroni-400gx4.jpg
586-al-worood-vermicelli-400g,Al Worood Vermicelli 400g,Al Worood Vermicelli 400g With best Price Ever……,Fakhr Al Shaeb,Grocery,"Pasta & Noodles,Cooking Item",TRUE,2.95,,shopify,50,deny,https://www.fakheralshaab.ae/wp-content/uploads/2020/03/al-worood-vermicelli-1.jpg-pcs.jpg
587-indomie-fried-noodles-85g-x-5-packets-outer-pack,Indomie Fried Noodles 85g X 5 Packets (Outer Pack),Available With 5 Packets (outer pack) With Best Price,Fakhr Al Shaeb,Grocery,"Pasta & Noodles,Cooking Item",TRUE,6.50,,shopify,50,deny,https://www.fakheralshaab.ae/wp-content/uploads/2020/03/indomie-fried-noodles-otr-1.jpg
588-al-worood-macroni-400g,Al Worood Macroni 400g,,Fakhr Al Shaeb,Grocery,"Pasta & Noodles,Cooking Item",TRUE,2.50,,shopify,50,deny,https://www.fakheralshaab.ae/wp-content/uploads/2020/04/Alworood-Macaroni-Penne-Pasta-400-g-750x750-1.jpg
589-barilla-spaghetti-500g,Barilla Spaghetti 500g,Brand : Barilla,Fakhr Al Shaeb,Grocery,"Pasta & Noodles,Cooking Item",TRUE,6.00,,shopify,50,deny,https://www.fakheralshaab.ae/wp-content/uploads/2020/03/barilla-spaghthi-1.jpg
590-indomie-cup-instant-noodles-chicken-flavour-55g,Indomie Cup Instant Noodles Chicken Flavour 55g,,Fakhr Al Shaeb,Grocery,"Pasta & Noodles,Cooking Item",TRUE,3.00,,shopify,50,deny,https://www.fakheralshaab.ae/wp-content/uploads/2020/02/Indomie-Instant-Noodles-Chicken-Flavour-55g-17905-000001.jpg
591-al-worood-spaghetti-400g-x-20-packets,Al Worood Spaghetti 400g X 20 Packets,"Available in Cartoon, With 20 Packets Of Spaghetti",Fakhr Al Shaeb,Grocery,"Pasta & Noodles,Cooking Item",TRUE,56.00,,shopify,50,deny,https://www.fakheralshaab.ae/wp-content/uploads/2020/04/al-worood-spaghthi.jpg
592-al-worood-vermicelli-400g-x-20-packets,Al Worood Vermicelli 400g X 20 Packets,"Available in Cartoon, With 20 Packets Of vermicelli",Fakhr Al Shaeb,Grocery,"Pasta & Noodles,Cooking Item",TRUE,59.00,,shopify,50,deny,https://www.fakheralshaab.ae/wp-content/uploads/2020/03/al-worood-vermicelli-1.jpg
593-dubai-macaroni-corni-400g-x-20pcs,Dubai Macaroni Corni 400g X 20pcs,20 Packets Cartoon,Fakhr Al Shaeb,Grocery,"Pasta & Noodles,Cooking Item",TRUE,60.00,,shopify,50,deny,https://www.fakheralshaab.ae/wp-content/uploads/2020/03/Dubai-Macaroni-Corni-400g.jpg
593-dubai-macaroni-corni-400g-x-20pcs,,,Fakhr Al Shaeb,Grocery,,TRUE,,,shopify,50,deny,https://www.fakheralshaab.ae/wp-content/uploads/2020/03/Dubai-Macaroni-Pasta-400g.jpg
595-gautam-basmati-rice-xxl-39kg,Gautam Basmati Rice XXL 39kg,Product : India,Fakhr Al Shaeb,Grocery,"Pasta & Noodles,Cooking Item",TRUE,249.00,,shopify,50,deny,https://www.fakheralshaab.ae/wp-content/uploads/2020/03/gautam-39.jpg
595-gautam-basmati-rice-xxl-39kg,,,Fakhr Al Shaeb,Grocery,,TRUE,,,shopify,50,deny,https://www.fakheralshaab.ae/wp-content/uploads/2020/03/gautham-39-2.jpg
594-rice-vermicelli-200g-x-24pcs,Rice Vermicelli 200g X 24pcs,With Cartoon Price Available,Fakhr Al Shaeb,Grocery,"Pasta & Noodles,Cooking Item",TRUE,58.00,,shopify,50,deny,https://www.fakheralshaab.ae/wp-content/uploads/2020/04/rice-vermicelli-.jpg
596-barilla-penne-rigate-500g,Barilla Penne Rigate 500g,"No.1 in Italia
Cooking time 11 minutes
Enjoying Food Since 1877",Fakhr Al Shaeb,Grocery,"Pasta & Noodles,Cooking Item",TRUE,10.95,,shopify,50,deny,https://www.fakheralshaab.ae/wp-content/uploads/2020/03/barilla-penne-rigatte-1.jpg
596-barilla-penne-rigate-500g,,,Fakhr Al Shaeb,Grocery,,TRUE,,,shopify,50,deny,https://www.fakheralshaab.ae/wp-content/uploads/2020/03/barilla-penne-rigatte-2.jpg
598-divella-pasta-penne-rigate-500g,Divella Pasta Penne Rigate 500g,,Fakhr Al Shaeb,Grocery,"Pasta & Noodles,Cooking Item",TRUE,5.25,,shopify,50,deny,https://www.fakheralshaab.ae/wp-content/uploads/2020/03/divella-penne-450.jpg
597-barilla-fettuccine-500g,Barilla Fettuccine 500g,"Barilla Classic Blue Box’s Fettuccine. Fettuccine, one of the oldest pasta shapes, goes great with just about any sauce or pasta dish!",Fakhr Al Shaeb,Grocery,"Pasta & Noodles,Cooking Item",TRUE,18.95,,shopify,50,deny,https://www.fakheralshaab.ae/wp-content/uploads/2020/03/barilla-fettuccine-500g-2.jpg
597-barilla-fettuccine-500g,,,Fakhr Al Shaeb,Grocery,,TRUE,,,shopify,50,deny,https://www.fakheralshaab.ae/wp-content/uploads/2020/03/barilla-fettuccine-500g-1.jpg
599-emirates-macaroni-vermicelli-bhoowarda-500g-x-3-packets,Emirates Macaroni Vermicelli Bhoowarda 500g X 3 Packets,,Fakhr Al Shaeb,Grocery,"Pasta & Noodles,Cooking Item",TRUE,10.50,,shopify,50,deny,https://www.fakheralshaab.ae/wp-content/uploads/2020/03/emirates-bhoowarda-3-otr.jpg
601-indomie-instant-cup-noodles-beef-flavour-60g-x-24pcs,Indomie Instant Cup Noodles Beef Flavour 60g X 24pcs,24 Cups Of Noodles,Fakhr Al Shaeb,Grocery,"Pasta & Noodles,Cooking Item",TRUE,69.00,,shopify,50,deny,https://www.fakheralshaab.ae/wp-content/uploads/2020/02/indomie-cup-beef.jpg
600-union-vermicelli-400g-x-4-pack---,Union Vermicelli 400g X 4 Pack– { الشعيرية },,Fakhr Al Shaeb,Grocery,"Pasta & Noodles,Cooking Item",TRUE,6.95,,shopify,50,deny,https://www.fakheralshaab.ae/wp-content/uploads/2020/08/union-semiya-5-pcs.jpg
600-union-vermicelli-400g-x-4-pack---,,,Fakhr Al Shaeb,Grocery,,TRUE,,,shopify,50,deny,https://www.fakheralshaab.ae/wp-content/uploads/2020/08/union-semiya-5-pcs-1.jpg
602-indomie-instant-cup-noodles-chicken-60g-x-24pcs,Indomie Instant Cup Noodles Chicken 60g X 24pcs,24 Packs Cartoon,Fakhr Al Shaeb,Grocery,"Pasta & Noodles,Cooking Item",TRUE,69.00,,shopify,50,deny,https://www.fakheralshaab.ae/wp-content/uploads/2020/03/indomie-ckn-cup-pcs-1.jpg
602-indomie-instant-cup-noodles-chicken-60g-x-24pcs,,,Fakhr Al Shaeb,Grocery,,TRUE,,,shopify,50,deny,https://www.fakheralshaab.ae/wp-content/uploads/2020/03/indomie-ckn-cup-pcs-2.jpg
603-barilla-tagliatelle-500g,Barilla Tagliatelle 500g,Brand : Barilla,Fakhr Al Shaeb,Grocery,"Pasta & Noodles,Cooking Item",TRUE,15.75,,shopify,50,deny,https://www.fakheralshaab.ae/wp-content/uploads/2020/04/BARILLA-TAGLIATELLE.jpg
606-emirates-macaroni-vermicelli-bhoowarda-500g-x-3-packets,Emirates Macaroni Vermicelli Bhoowarda 500g X 3 Packets,,Fakhr Al Shaeb,Grocery,"Pasta & Noodles,Cooking Item",TRUE,10.50,,shopify,50,deny,https://www.fakheralshaab.ae/wp-content/uploads/2020/03/emirates-bhoowarda-3-otr.jpg
604-emirates-macaroni-vermicelli-bhoowarda-500g-x-24-packets,Emirates Macaroni Vermicelli Bhoowarda 500g X 24 Packets,Cartoon With Wholesale Price,Fakhr Al Shaeb,Grocery,"Pasta & Noodles,Cooking Item",TRUE,84.00,,shopify,50,deny,https://www.fakheralshaab.ae/wp-content/uploads/2020/03/emirates-bhoowarda-ctn-1-24pcs-1.jpg
605-barilla-farfalle-500g,Barilla Farfalle 500g,Brand : Barilla,Fakhr Al Shaeb,Grocery,"Pasta & Noodles,Cooking Item",TRUE,11.95,,shopify,50,deny,https://www.fakheralshaab.ae/wp-content/uploads/2020/03/Barilla-Farfalle-500g.jpg
607-green-farm-palakadan-matta-rice-20kg,Green Farm Palakadan Matta Rice 20kg,,Fakhr Al Shaeb,Grocery,Rice,TRUE,59.00,,shopify,50,deny,https://www.fakheralshaab.ae/wp-content/uploads/2020/02/green-farm-matta-rice-20kg.jpg
608-777-us-style-thai-parboiled-rice-20-kg,777 US Style Thai Parboiled Rice 20 kg,Brand : 777,Fakhr Al Shaeb,Grocery,Rice,TRUE,69.00,,shopify,50,deny,https://www.fakheralshaab.ae/wp-content/uploads/2020/02/777-US-Style-Thai-Parboiled-Rice-20kg-13294-01.jpg
608-777-us-style-thai-parboiled-rice-20-kg,,,Fakhr Al Shaeb,Grocery,,TRUE,,,shopify,50,deny,https://www.fakheralshaab.ae/wp-content/uploads/2020/02/777-US-Style-Thai-Parboiled-Rice-20kg-13294-02.jpg
609-pavit-palace-basmati-rice-xxxl-39kg,Pavit Palace Basmati Rice XXXL 39kg,Brand : Pavit,Fakhr Al Shaeb,Grocery,Rice,TRUE,237.00,,shopify,50,deny,https://www.fakheralshaab.ae/wp-content/uploads/2020/04/pavit-palace.png
610-saeed-classic-biriyani-white-rice-35kg--xxxl-,Saeed Classic Biriyani White Rice 35kg  ( XXXL ),,Fakhr Al Shaeb,Grocery,Rice,TRUE,160.00,,shopify,50,deny,https://www.fakheralshaab.ae/wp-content/uploads/2020/08/seed-rice.jpg
611-city-bird-biriyani-rice-10-kg,City Bird Biriyani Rice 10 kg,,Fakhr Al Shaeb,Grocery,Rice,TRUE,42.00,,shopify,50,deny,https://www.fakheralshaab.ae/wp-content/uploads/2020/05/686533ea-8b5d-4034-8142-f0052f8f8e98.jpg
611-city-bird-biriyani-rice-10-kg,,,Fakhr Al Shaeb,Grocery,,TRUE,,,shopify,50,deny,https://www.fakheralshaab.ae/wp-content/uploads/2020/05/952328f4-de73-4782-941b-c5e490d2e094.jpg
612-zakath-rice-3-kg-----,Zakath Rice 3 kg  —-   زكاة الفطر أرز,For Giving Zakath Of 3 Kg rice Its good And Well Packed,Fakhr Al Shaeb,Grocery,Rice,TRUE,10.00,,shopify,50,deny,https://www.fakheralshaab.ae/wp-content/uploads/2020/05/FITHR-RICE-3KG-2.jpg
612-zakath-rice-3-kg-----,,,Fakhr Al Shaeb,Grocery,,TRUE,,,shopify,50,deny,https://www.fakheralshaab.ae/wp-content/uploads/2020/05/ifthar-rice-3-kg-2.jpg
615-sinnara-indian-basmati-rice-20kg--xxl--1121-steam-,Sinnara Indian Basmati Rice 20kg { XXL – 1121 Steam },,Fakhr Al Shaeb,Grocery,Rice,TRUE,135.00,,shopify,50,deny,https://www.fakheralshaab.ae/wp-content/uploads/2020/03/sinnara-20-kg.jpg
614-city-bird-biriyani-rice-35kg,City Bird Biriyani Rice 35kg,,Fakhr Al Shaeb,Grocery,Rice,TRUE,124.00,,shopify,50,deny,https://www.fakheralshaab.ae/wp-content/uploads/2020/03/city-bird-1-.jpg
614-city-bird-biriyani-rice-35kg,,,Fakhr Al Shaeb,Grocery,,TRUE,,,shopify,50,deny,https://www.fakheralshaab.ae/wp-content/uploads/2020/03/city-bird-2.jpg
613-sinnara-indian-classic-basmati-rice-38kg--xxl--1121-steam-,Sinnara Indian Classic Basmati Rice 38kg– { XXL – 1121 Steam },,Fakhr Al Shaeb,Grocery,Rice,TRUE,242.00,,shopify,50,deny,https://www.fakheralshaab.ae/wp-content/uploads/2020/02/sinnara-38-kg.jpg
613-sinnara-indian-classic-basmati-rice-38kg--xxl--1121-steam-,,,Fakhr Al Shaeb,Grocery,,TRUE,,,shopify,50,deny,https://www.fakheralshaab.ae/wp-content/uploads/2020/02/SINNARA-20KG-2.jpg
618-alokozay-soft-facial-tissues-200-x-2-ply-cartoon,Alokozay Soft Facial Tissues 200 X 2 Ply (Cartoon),(200 X 2 ply) 30 BOXES.,Fakhr Al Shaeb,Grocery,Tissues,TRUE,120.00,,shopify,50,deny,https://www.fakheralshaab.ae/wp-content/uploads/2020/03/alokazay-200ply-.jpg
617-premier-tissue-200-sheet,PREMIER TISSUE 200 SHEET,,Fakhr Al Shaeb,Grocery,Tissues,TRUE,55.00,,shopify,50,deny,https://www.fakheralshaab.ae/wp-content/uploads/2022/12/A-New-Design-Made-with-PosterMyWall-6.jpg
617-premier-tissue-200-sheet,,,Fakhr Al Shaeb,Grocery,,TRUE,,,shopify,50,deny,https://www.fakheralshaab.ae/wp-content/uploads/2022/12/A-New-Design-Made-with-PosterMyWall-6.jpg
616-vinyl-gloves-powder-free-100-pcs--med-,Vinyl Gloves Powder Free 100 pcs  ( MED ),,Fakhr Al Shaeb,Grocery,Tissues,TRUE,10.00,,shopify,50,deny,https://www.fakheralshaab.ae/wp-content/uploads/2020/06/GLOVES-MED-1.jpg
616-vinyl-gloves-powder-free-100-pcs--med-,,,Fakhr Al Shaeb,Grocery,,TRUE,,,shopify,50,deny,https://www.fakheralshaab.ae/wp-content/uploads/2020/06/gloves-1.jpg
621-maxi-roll-tissue-1x6roll-300mtrs-2ply-plain,"Maxi Roll Tissue, 1X6Roll, 300MTRS, 2PLY, PLAIN",2 Ply roll with,Fakhr Al Shaeb,Grocery,Tissues,TRUE,36.00,,shopify,50,deny,https://www.fakheralshaab.ae/wp-content/uploads/2020/03/maxi-roll.jpg
620-jumbo-roll-10kg,Jumbo Roll 10kg,,Fakhr Al Shaeb,Grocery,Tissues,TRUE,84.00,,shopify,50,deny,https://www.fakheralshaab.ae/wp-content/uploads/2020/03/jumbo-roll-10kg.jpg
620-jumbo-roll-10kg,,,Fakhr Al Shaeb,Grocery,,TRUE,,,shopify,50,deny,https://www.fakheralshaab.ae/wp-content/uploads/2020/03/jumbo-roll-10kg-2.jpg
619-al-ain-facial-tissue-2ply-5-x-150pcs,Al Ain Facial Tissue 2ply 5 x 150pcs,,Fakhr Al Shaeb,Grocery,Tissues,TRUE,10.00,,shopify,50,deny,https://www.fakheralshaab.ae/wp-content/uploads/2020/10/TISSUE.jpg
619-al-ain-facial-tissue-2ply-5-x-150pcs,,,Fakhr Al Shaeb,Grocery,,TRUE,,,shopify,50,deny,https://www.fakheralshaab.ae/wp-content/uploads/2020/10/31Zyvt3vrZL._AC_SY400_.jpg
624-al-ain-tomato-paste-48x135g--cartoon-,Al Ain Tomato Paste 48X135g ( CARTOON ),,Fakhr Al Shaeb,Grocery,"Cooking Sauces,Cooking Item",TRUE,58.00,,shopify,50,deny,https://www.fakheralshaab.ae/wp-content/uploads/2021/07/AL-AIN-TMT-PST-2.jpg
624-al-ain-tomato-paste-48x135g--cartoon-,,,Fakhr Al Shaeb,Grocery,,TRUE,,,shopify,50,deny,https://www.fakheralshaab.ae/wp-content/uploads/2021/07/AL-AIN-TMT-PST.jpg
622-american-garden-jalapeo-peppers-sliced-454g,American Garden Jalapeño Peppers Sliced 454g,Brand – American Garden,Fakhr Al Shaeb,Grocery,"Condinents,Cardomom",TRUE,10.00,,shopify,50,deny,https://www.fakheralshaab.ae/wp-content/uploads/2021/01/ag-jalepeno-454g.jpg
622-american-garden-jalapeo-peppers-sliced-454g,,,Fakhr Al Shaeb,Grocery,,TRUE,,,shopify,50,deny,https://www.fakheralshaab.ae/wp-content/uploads/2021/01/ag-jalepeno-454g-2.jpg
623-ajinomoto-454g,Ajinomoto 454g,"Flavour Enhancer
99% Pure Monosodium Glutamate",Fakhr Al Shaeb,Grocery,"Condinents,Cardomom",TRUE,8.25,,shopify,50,deny,https://www.fakheralshaab.ae/wp-content/uploads/2020/03/ajinomoto-1.jpg
623-ajinomoto-454g,,,Fakhr Al Shaeb,Grocery,,TRUE,,,shopify,50,deny,https://www.fakheralshaab.ae/wp-content/uploads/2020/03/ajinomoto-2.jpg
623-ajinomoto-454g,,,Fakhr Al Shaeb,Grocery,,TRUE,,,shopify,50,deny,https://www.fakheralshaab.ae/wp-content/uploads/2020/03/ajinomoto-3.jpg
626-al-alali-pasta-sauce-320g,Al Alali Pasta Sauce 320g,Brand : Al Alali,Fakhr Al Shaeb,Grocery,"Cooking Sauces,Cooking Item",TRUE,6.00,,shopify,50,deny,https://www.fakheralshaab.ae/wp-content/uploads/2020/03/alali-pasta-sauce.jpg
625-macphie-mactop-cream-1litre,Macphie Mactop Cream 1Litre,Brand : Macphie,Fakhr Al Shaeb,Grocery,"Cooking Sauces,Cooking Item",TRUE,17.50,,shopify,50,deny,https://www.fakheralshaab.ae/wp-content/uploads/2020/03/mactop-cream-1.jpg
625-macphie-mactop-cream-1litre,,,Fakhr Al Shaeb,Grocery,,TRUE,,,shopify,50,deny,https://www.fakheralshaab.ae/wp-content/uploads/2020/03/mactop-cream-2.jpg
627-al-ain-tomato-paste-200g-x-5-pcs,Al Ain Tomato Paste 200g X 5 Pcs,Brand : Al Ain,Fakhr Al Shaeb,Grocery,"Cooking Sauces,Cooking Item",TRUE,17.00,,shopify,50,deny,https://www.fakheralshaab.ae/wp-content/uploads/2020/03/alain-tp-otr-10-1.jpg
627-al-ain-tomato-paste-200g-x-5-pcs,,,Fakhr Al Shaeb,Grocery,,TRUE,,,shopify,50,deny,https://www.fakheralshaab.ae/wp-content/uploads/2020/03/ALAIN-TP-200G-3-1.jpg
630-puck-cooking-cream-1ltr,Puck Cooking Cream 1Ltr,Brand : Puck,Fakhr Al Shaeb,Grocery,"Cooking Sauces,Cooking Item",TRUE,22.00,,shopify,50,deny,https://www.fakheralshaab.ae/wp-content/uploads/2020/03/puck-cooking-cream-1ltr.jpg
628-al-alali-pizza-sauce-320g,Al Alali Pizza Sauce 320g,Brand : Al Alali,Fakhr Al Shaeb,Grocery,"Cooking Sauces,Cooking Item",TRUE,7.00,,shopify,50,deny,https://www.fakheralshaab.ae/wp-content/uploads/2020/04/alali-pizza-sauce-320g.jpg
629-american-garden-traditional-pasta-sauce-397g,American Garden Traditional Pasta Sauce 397g,Origin: United States of America,Fakhr Al Shaeb,Grocery,"Cooking Sauces,Cooking Item",TRUE,10.50,,shopify,50,deny,https://www.fakheralshaab.ae/wp-content/uploads/2020/03/ag-pasta-souce-397gm-1.jpg
633-virginia-green-garden-bbq-sauce-510gm,Virginia Green Garden BBQ Sauce 510gm,,Fakhr Al Shaeb,Grocery,"Cooking Sauces,Cooking Item",TRUE,6.95,,shopify,50,deny,https://www.fakheralshaab.ae/wp-content/uploads/2020/03/IMG_20200318_090316.jpg
633-virginia-green-garden-bbq-sauce-510gm,,,Fakhr Al Shaeb,Grocery,,TRUE,,,shopify,50,deny,https://www.fakheralshaab.ae/wp-content/uploads/2020/03/vg-bbq-sauce.jpg
631-american-garden-jalapeo-peppers-sliced-454g,American Garden Jalapeño Peppers Sliced 454g,Brand – American Garden,Fakhr Al Shaeb,Grocery,"Condinents,Cardomom",TRUE,10.00,,shopify,50,deny,https://www.fakheralshaab.ae/wp-content/uploads/2021/01/ag-jalepeno-454g.jpg
631-american-garden-jalapeo-peppers-sliced-454g,,,Fakhr Al Shaeb,Grocery,,TRUE,,,shopify,50,deny,https://www.fakheralshaab.ae/wp-content/uploads/2021/01/ag-jalepeno-454g-2.jpg
632-real-value-yellow-mustard-paste-378ltr,Real Value Yellow Mustard Paste 3.78Ltr,Mustard paste Gallon Available With Wholesale Price …..,Fakhr Al Shaeb,Grocery,"Cooking Sauces,Cooking Item",TRUE,21.00,,shopify,50,deny,https://www.fakheralshaab.ae/wp-content/uploads/2020/03/rv-mustard-paste-5ltr.jpg
634-noor-chilli-mayonnaise-425ml,Noor Chilli Mayonnaise 425ml,Brand : Noor,Fakhr Al Shaeb,Grocery,"Cooking Sauces,Cooking Item",TRUE,13.00,,shopify,50,deny,https://www.fakheralshaab.ae/wp-content/uploads/2020/04/noor-chilli-mayonaise-1.jpg
635-indofood-lumpung-chilli-sauce-340ml,Indofood Lumpung Chilli Sauce 340ml,,Fakhr Al Shaeb,Grocery,"Cooking Sauces,Cooking Item",TRUE,8.00,,shopify,50,deny,https://www.fakheralshaab.ae/wp-content/uploads/2020/03/INDOFOOD-LUMPUNG-140ML-1.jpg
638-al-marai-whipping-cream-1ltr,Al Marai Whipping Cream 1Ltr,Brand : Almarai,Fakhr Al Shaeb,Grocery,"Cooking Sauces,Cooking Item",TRUE,23.00,,shopify,50,deny,https://www.fakheralshaab.ae/wp-content/uploads/2020/03/almarai-wipping-cream-1ltr-2.jpg
638-al-marai-whipping-cream-1ltr,,,Fakhr Al Shaeb,Grocery,,TRUE,,,shopify,50,deny,https://www.fakheralshaab.ae/wp-content/uploads/2020/03/almarai-wipping-cream-1ltr.jpg
636-eastern-ginger-garlic-paste-400g,Eastern Ginger Garlic Paste 400g,,Fakhr Al Shaeb,Grocery,"Cooking Sauces,Cooking Item",TRUE,8.00,,shopify,50,deny,https://www.fakheralshaab.ae/wp-content/uploads/2020/03/eastern-ginger-garlic-pst-400g.jpg
637-al-ain-tomato-paste-200g,Al Ain Tomato Paste 200g,,Fakhr Al Shaeb,Grocery,"Cooking Sauces,Cooking Item",TRUE,2.50,,shopify,50,deny,https://www.fakheralshaab.ae/wp-content/uploads/2020/03/alain-tp-200g-pcs-4.jpg
637-al-ain-tomato-paste-200g,,,Fakhr Al Shaeb,Grocery,,TRUE,,,shopify,50,deny,https://www.fakheralshaab.ae/wp-content/uploads/2020/03/alain-tp-200g-pcs-1.jpg
637-al-ain-tomato-paste-200g,,,Fakhr Al Shaeb,Grocery,,TRUE,,,shopify,50,deny,https://www.fakheralshaab.ae/wp-content/uploads/2020/03/alain-tp-200g-pcs2.jpg
637-al-ain-tomato-paste-200g,,,Fakhr Al Shaeb,Grocery,,TRUE,,,shopify,50,deny,https://www.fakheralshaab.ae/wp-content/uploads/2020/03/alain-tp-200g-pcs-3.jpg
640-tabasco-pepper-sauce-60ml,Tabasco Pepper Sauce 60ml,,Fakhr Al Shaeb,Grocery,"Cooking Sauces,Cooking Item",TRUE,5.50,,shopify,50,deny,https://www.fakheralshaab.ae/wp-content/uploads/2020/03/tabasco-pepper-souce-60ml.jpg-2.jpg
639-dee-thai-sriracha-chilli-sauce-435ml,Dee Thai Sriracha Chilli Sauce 435ml,Thai Sweet Chilly Sauce,Fakhr Al Shaeb,Grocery,"Cooking Sauces,Cooking Item",TRUE,8.45,,shopify,50,deny,https://www.fakheralshaab.ae/wp-content/uploads/2020/03/dee-thai-chill-souce-1.jpg
639-dee-thai-sriracha-chilli-sauce-435ml,,,Fakhr Al Shaeb,Grocery,,TRUE,,,shopify,50,deny,https://www.fakheralshaab.ae/wp-content/uploads/2020/03/dee-thai-chill-souce-2.jpg
641-indofood-lampung-chilli-sauce-340ml,Indofood Lampung Chilli Sauce 340ml,Origin: Indonesia,Fakhr Al Shaeb,Grocery,"Cooking Sauces,Cooking Item",TRUE,8.00,,shopify,50,deny,https://www.fakheralshaab.ae/wp-content/uploads/2020/03/INDOFOOD-LUMPUNG-1.jpg
641-indofood-lampung-chilli-sauce-340ml,,,Fakhr Al Shaeb,Grocery,,TRUE,,,shopify,50,deny,https://www.fakheralshaab.ae/wp-content/uploads/2020/03/INDOFOOD-LUMPANG-2.jpg
641-indofood-lampung-chilli-sauce-340ml,,,Fakhr Al Shaeb,Grocery,,TRUE,,,shopify,50,deny,https://www.fakheralshaab.ae/wp-content/uploads/2020/03/indofood-lumpang-3.jpg
642-kimball-chill-garlic-sauce-325g-x-24-bottles,Kimball Chill Garlic Sauce 325g X 24 bottles,"Origin: Malaysia
Available In Cartoons Of 24 Bottles",Fakhr Al Shaeb,Grocery,Ketchup,TRUE,113.00,,shopify,50,deny,https://www.fakheralshaab.ae/wp-content/uploads/2020/03/kimball-chilli-garlic-1.jpg
644-kimball-chill-garlic-sauce-325g,Kimball Chill Garlic Sauce 325g,Origin: Malaysia,Fakhr Al Shaeb,Grocery,Ketchup,TRUE,3.75,,shopify,50,deny,https://www.fakheralshaab.ae/wp-content/uploads/2020/03/kimball-chilli-garlic-2.jpg
643-kimball-tomato-ketchup-325g-x-24pcs,Kimball Tomato Ketchup 325g X 24pcs,Brand : Kimball,Fakhr Al Shaeb,Grocery,Ketchup,TRUE,65.95,,shopify,50,deny,https://www.fakheralshaab.ae/wp-content/uploads/2020/03/KIMBALL-KETCHUP-325G-CTN.jpg
645-hayat-tomato-ketchup-gallon-5ltr,Hayat Tomato Ketchup Gallon 5ltr,,Fakhr Al Shaeb,Grocery,Ketchup,TRUE,16.00,,shopify,50,deny,https://www.fakheralshaab.ae/wp-content/uploads/2020/03/hayat-ketchep-5-kg-1.jpg
647-heinz-tomato-ketchup-300g-x-4pcs,Heinz Tomato Ketchup 300g X 4pcs,Origin: Egypt,Fakhr Al Shaeb,Grocery,Ketchup,TRUE,9.95,,shopify,50,deny,https://www.fakheralshaab.ae/wp-content/uploads/2020/03/heinz-to-ketcp-300gx4.jpg
646-real-value-tomato-ketchup-5kg,Real Value Tomato Ketchup 5kg,Tomato Ketchup 5 Ltr With Wholesale Price,Fakhr Al Shaeb,Grocery,Ketchup,TRUE,15.00,,shopify,50,deny,https://www.fakheralshaab.ae/wp-content/uploads/2020/03/rv-ketchup-5ltr.jpg
649-knorr-garlic-mayo-532ml,Knorr Garlic Mayo 532ml,,Fakhr Al Shaeb,Grocery,Mayonnaise,TRUE,14.45,,shopify,50,deny,https://www.fakheralshaab.ae/wp-content/uploads/2020/03/knorr-garlic-mayonnaise-535-1.jpg
649-knorr-garlic-mayo-532ml,,,Fakhr Al Shaeb,Grocery,,TRUE,,,shopify,50,deny,https://www.fakheralshaab.ae/wp-content/uploads/2020/03/knorr-garlic-mayonnaise-295-ml_hero.jpg
650-knorr-chili-mayonnaise-532-ml,Knorr Chili Mayonnaise 532 ml,Brand : Knorr,Fakhr Al Shaeb,Grocery,Mayonnaise,TRUE,13.50,,shopify,50,deny,https://www.fakheralshaab.ae/wp-content/uploads/2020/03/knorr-chilli-mayo-532.jpg
650-knorr-chili-mayonnaise-532-ml,,,Fakhr Al Shaeb,Grocery,,TRUE,,,shopify,50,deny,https://www.fakheralshaab.ae/wp-content/uploads/2020/03/knorr-chilli-mayo-2-532.jpg
648-virginia-green-garden-peri-peri-mayonnaise-300g,Virginia Green Garden Peri Peri Mayonnaise 300g,,Fakhr Al Shaeb,Grocery,Mayonnaise,TRUE,5.25,,shopify,50,deny,https://www.fakheralshaab.ae/wp-content/uploads/2020/03/vg-peri-peri-mayo-1.jpg
648-virginia-green-garden-peri-peri-mayonnaise-300g,,,Fakhr Al Shaeb,Grocery,,TRUE,,,shopify,50,deny,https://www.fakheralshaab.ae/wp-content/uploads/2020/03/vg-peri-peri-mayo-2.jpg
648-virginia-green-garden-peri-peri-mayonnaise-300g,,,Fakhr Al Shaeb,Grocery,,TRUE,,,shopify,50,deny,https://www.fakheralshaab.ae/wp-content/uploads/2020/03/vg-peri-peri-mayo-3.jpg
648-virginia-green-garden-peri-peri-mayonnaise-300g,,,Fakhr Al Shaeb,Grocery,,TRUE,,,shopify,50,deny,https://www.fakheralshaab.ae/wp-content/uploads/2020/03/vg-peri-peri-mayo-4.jpg
653-american-garden-creamy-caesar-dressing-267ml,American Garden Creamy Caesar Dressing 267ml,,Fakhr Al Shaeb,Grocery,Mayonnaise,TRUE,8.45,,shopify,50,deny,https://www.fakheralshaab.ae/wp-content/uploads/2020/03/American-Garden-Creamy-Caesar-Dressing-267ml-500x500-1.jpg
653-american-garden-creamy-caesar-dressing-267ml,,,Fakhr Al Shaeb,Grocery,,TRUE,,,shopify,50,deny,https://www.fakheralshaab.ae/wp-content/uploads/2020/03/ag-creamy-ceaser-267ml-3.jpg
651-knorr-mayonnaise-squeezy-bottle-532-ml,Knorr Mayonnaise Squeezy Bottle 532 ml,,Fakhr Al Shaeb,Grocery,Mayonnaise,TRUE,12.45,,shopify,50,deny,https://www.fakheralshaab.ae/wp-content/uploads/2020/03/knorr-mayo532ml.jpg
651-knorr-mayonnaise-squeezy-bottle-532-ml,,,Fakhr Al Shaeb,Grocery,,TRUE,,,shopify,50,deny,https://www.fakheralshaab.ae/wp-content/uploads/2020/03/knorr-mayo532ml-2.jpg
652-heinz-3-pepper-mayonnaise-400g,Heinz 3 Pepper Mayonnaise 400g,,Fakhr Al Shaeb,Grocery,Mayonnaise,TRUE,20.00,,shopify,50,deny,https://www.fakheralshaab.ae/wp-content/uploads/2020/09/heinz-pepper-1.jpg
652-heinz-3-pepper-mayonnaise-400g,,,Fakhr Al Shaeb,Grocery,,TRUE,,,shopify,50,deny,https://www.fakheralshaab.ae/wp-content/uploads/2020/09/heinz-pepper-2.jpg
656-ahmed-foods-mango-pickle-1kg,Ahmed Foods Mango Pickle 1Kg,,Fakhr Al Shaeb,Grocery,"Canned Food,General Item",TRUE,9.75,,shopify,50,deny,https://www.fakheralshaab.ae/wp-content/uploads/2020/04/ahmed-mango-pickle-1kg-1.jpg
655-heinz-rich-thousand-island-dressing-400ml-x-12pc,Heinz Rich Thousand Island Dressing 400ml X 12pc,BRAND-HEINZ,Fakhr Al Shaeb,Grocery,Mayonnaise,TRUE,174.00,,shopify,50,deny,https://www.fakheralshaab.ae/wp-content/uploads/2020/03/HEINZ-ISLAND-CARTOON.jpg
654-knorr-mayonnaise-532ml,Knorr Mayonnaise 532ml,,Fakhr Al Shaeb,Grocery,Mayonnaise,TRUE,12.25,,shopify,50,deny,https://www.fakheralshaab.ae/wp-content/uploads/2020/02/Knorr-light-mayo-1.jpg
654-knorr-mayonnaise-532ml,,,Fakhr Al Shaeb,Grocery,,TRUE,,,shopify,50,deny,https://www.fakheralshaab.ae/wp-content/uploads/2020/02/Knorr-Light-Mayo-532ml-2.jpg
659-virginia-garden-sliced-green-olives-340g,Virginia Garden Sliced Green Olives 340g,Premium Quality,Fakhr Al Shaeb,Grocery,"Canned Food,General Item",TRUE,5.25,,shopify,50,deny,https://www.fakheralshaab.ae/wp-content/uploads/2020/02/IMG_20200228_202433.jpg
657-falcon-mixed-pickle-5kg,Falcon Mixed Pickle 5kg,Brand : Falcon,Fakhr Al Shaeb,Grocery,"Canned Food,General Item",TRUE,15.00,,shopify,50,deny,https://www.fakheralshaab.ae/wp-content/uploads/2020/03/pickle-5-kg.jpg
658-azhooghe-cucumber-pickle-660g,Azhooghe Cucumber Pickle 660g,,Fakhr Al Shaeb,Grocery,"Canned Food,General Item",TRUE,6.25,,shopify,50,deny,https://www.fakheralshaab.ae/wp-content/uploads/2020/03/cucumber-azhooghe-1.jpg
658-azhooghe-cucumber-pickle-660g,,,Fakhr Al Shaeb,Grocery,,TRUE,,,shopify,50,deny,https://www.fakheralshaab.ae/wp-content/uploads/2020/03/cucuber-azhooghe-4.jpg
658-azhooghe-cucumber-pickle-660g,,,Fakhr Al Shaeb,Grocery,,TRUE,,,shopify,50,deny,https://www.fakheralshaab.ae/wp-content/uploads/2020/03/cucumber-azhooghe-3.jpg
661-figaro-sliced-green-olives-450g,Figaro Sliced Green Olives 450g,,Fakhr Al Shaeb,Grocery,"Canned Food,General Item",TRUE,6.00,,shopify,50,deny,https://www.fakheralshaab.ae/wp-content/uploads/2021/07/figaro-slic-grn.jpg
660-al-alali-vine-banati-leaves-800g,Al Alali Vine Banati Leaves 800g,Brand : Al Alali,Fakhr Al Shaeb,Grocery,"Canned Food,General Item",TRUE,13.00,,shopify,50,deny,https://www.fakheralshaab.ae/wp-content/uploads/2020/03/alali-banati-leaves-1.jpg
663-rs-whole-green-olives-354g,RS Whole Green Olives 354g,,Fakhr Al Shaeb,Grocery,"Canned Food,General Item",TRUE,4.45,,shopify,50,deny,https://www.fakheralshaab.ae/wp-content/uploads/2020/03/RS-whole-green-olives-354g.jpg
662-american-graden-vine-leaves-930gm,American Graden Vine Leaves 930gm,"Vine Leaves
From Turkey",Fakhr Al Shaeb,Grocery,"Canned Food,General Item",TRUE,13.00,,shopify,50,deny,https://www.fakheralshaab.ae/wp-content/uploads/2020/03/ag-vine-leaves-930g-1.jpg
662-american-graden-vine-leaves-930gm,,,Fakhr Al Shaeb,Grocery,,TRUE,,,shopify,50,deny,https://www.fakheralshaab.ae/wp-content/uploads/2020/03/ag-vine-leaves-930g-2.jpg
664-figaro-sliced-black-olives-450g,Figaro Sliced Black Olives 450g,Orgin : Spain,Fakhr Al Shaeb,Grocery,"Canned Food,General Item",TRUE,6.00,,shopify,50,deny,https://www.fakheralshaab.ae/wp-content/uploads/2021/07/figaro-slic-blc-1.jpg
665-american-garden-creamy-caesar-dressing-267ml,American Garden Creamy Caesar Dressing 267ml,,Fakhr Al Shaeb,Grocery,Mayonnaise,TRUE,8.45,,shopify,50,deny,https://www.fakheralshaab.ae/wp-content/uploads/2020/03/American-Garden-Creamy-Caesar-Dressing-267ml-500x500-1.jpg
665-american-garden-creamy-caesar-dressing-267ml,,,Fakhr Al Shaeb,Grocery,,TRUE,,,shopify,50,deny,https://www.fakheralshaab.ae/wp-content/uploads/2020/03/ag-creamy-ceaser-267ml-3.jpg
417-nabil-cracker-salted-biscuits-12-pack,NABIL CRACKER SALTED BISCUITS 12 PACK,,Fakhr Al Shaeb,Grocery,"Biscuits,Kids",TRUE,9.95,,shopify,50,deny,https://www.fakheralshaab.ae/wp-content/uploads/2025/02/9501025023018.jpg
416-ulker-halley-milk-chocolate,ULKER HALLEY MILK CHOCOLATE,,Fakhr Al Shaeb,Grocery,"Biscuits,Kids",TRUE,11.95,,shopify,50,deny,https://www.fakheralshaab.ae/wp-content/uploads/2025/02/ULKER20HALLEY20MLIK20CHOCO2020X26G.jpg
415-loacker-quadratini-coconut-125g-441-oz,Loacker Quadratini Coconut 125g (4.41 OZ),,Fakhr Al Shaeb,Grocery,"Biscuits,Kids",TRUE,10.50,,shopify,50,deny,https://www.fakheralshaab.ae/wp-content/uploads/2022/01/Loacker-Quadratini-Coconut.jpg
420-ulker-rulokat-x24-pack,ULKER RULOKAT X24 PACK,,Fakhr Al Shaeb,Grocery,"Biscuits,Kids",TRUE,22.00,,shopify,50,deny,https://www.fakheralshaab.ae/wp-content/uploads/2025/02/ulker_rulokat_wafers_24gm.jpg
418-barni-cake-with-chocolate-12-pack,BARNI CAKE WITH CHOCOLATE 12 PACK,,Fakhr Al Shaeb,Grocery,"Biscuits,Kids",TRUE,19.00,,shopify,50,deny,https://www.fakheralshaab.ae/wp-content/uploads/2025/02/Capture.png
419-hello-panda-biscuits-with-chocolate-flavor,HELLO PANDA BISCUITS WITH CHOCOLATE FLAVOR,,Fakhr Al Shaeb,Grocery,"Biscuits,Kids",TRUE,16.00,,shopify,50,deny,https://www.fakheralshaab.ae/wp-content/uploads/2025/02/s4.png
